12.63046193621175,-24.08997325376531
152.5199206765794,64.54126722837125
148.6269211861479,-67.65769499670824
12.93411557358031,27.60229729620952
168.2032211390384,14.239676179971488
20.299863969552263,-55.41184274965084
50.885410637374335,75.35196815852161
165.67648281601961,-37.39275094137941
11.373299924460463,-4.352551145495959
163.67413287621446,45.91629907328588
86.96972759856071,-78.76377125123491
16.619295033675446,47.087439924542025
168.70004581732732,-5.549899577682211
13.930822385393139,-36.23653508277281
132.98996560391714,74.69861311296009
159.475407944863,-56.61303741189932
11.571690771754113,15.447829604673977
167.5656773524218,26.4489565530318
29.08340751422103,-66.79171113952229
27.785987684700828,65.78954539142737
167.76222847059344,-25.321068349471336
11.516434505603167,-16.594007040725796
159.13218038280536,57.7412227372292
136.4633881269863,-74.03474417281996
13.42311937322192,35.14641289283028
168.98153247778805,6.698421326108252
16.472030686833538,-48.27030685633494
80.92389395789878,79.03533536130095
164.61012966825132,-44.89156641525276
10.867049994898291,3.2165274627062947
166.1300667154542,38.598159870399805
52.995345025110176,-76.51264827107545
18.702568236298234,54.49895562115624
168.95483115101425,-13.131610968666754
12.252395221596924,-28.81112364775739
148.93734769084512,69.01816196803807
155.27436203131347,-63.83507942477732
11.586845038754495,23.02778109061112
168.7504420223419,18.952480382751663
21.553309265550553,-60.06655609616015
37.395978441353876,72.49044866859603
167.40800392665162,-32.88404307593172
10.679385409517163,-9.049593356162719
163.33694855962565,50.62482183653121
111.23652062155487,-78.79862557330841
14.274002629487633,42.67294114999396
169.5453490245592,-0.8764187082392536
13.83041326622456,-40.96176640289688
119.23882676660162,78.13020005588378
162.91309002667984,-52.34874438093805
10.546883182584628,10.806848794244997
167.9157772119016,31.176142217021372
33.54247910582667,-71.21143142632295
22.09899293337369,61.81167488185095
169.023503673135,-20.723564116978938
10.995081815270462,-21.314684730497337
157.61646898420972,62.38629795452666
147.69724623209953,-70.7729449442283
11.822086098659272,30.607306470035272
169.64545694947532,11.4055626202326
16.90546886677052,-52.97942491612444
57.580468142081266,78.08278264230027
166.7431981276299,-40.43434498763791
10.060713823453408,-1.4698096992409884
166.18647858025977,43.3270824507013
70.75725395322834,-79.45928836678912
15.646278729476732,50.16786450718132
169.92603813071335,-8.47431411797981
11.929434452239404,-33.5437036116188
143.29444742063777,73.35770387900094
160.17062593116384,-59.73263255123832
10.40241333385986,18.4094328948343
169.24801335186032,23.68023526241821
23.395512823055643,-64.69839790193917
28.075646183055195,68.9238337239482
168.89363934197127,-28.31765913136105
10.042503504958628,-13.765855598520627
162.79228679906146,55.33364796198743
132.01566889045301,-76.96550714328592
12.325597978181028,38.17812653761651
170.31666905151496,3.8215810376301635
13.82091965508684,-45.69384879190472
96.84202179400198,80.37840351000898
165.64527151171947,-47.96073720233883
9.62377924895995,6.134719200244662
168.21225158055015,35.91352182197862
40.82498111183322,-75.43544365936683
17.854493891039493,57.608187657415435
170.13926424061904,-16.086306998890564
10.519289708497158,-26.04877239021268
155.3591958912981,67.00004246959611
155.45114940308497,-66.97416325851398
10.43866377341666,26.01638394795016
170.2581130234707,16.130027475160542
17.580776071497294,-57.686948505107765
40.089482020997394,75.53864626952316
168.5304368506237,-35.9062855833876
9.32070772249609,-6.178354668007186
166.14522607413002,48.06181620806917
97.37097087346079,-80.7630953606063
13.190708721863913,45.73097370622739
170.8060800599105,-3.7887250904587173
11.658977602363736,-38.285332508291845
133.6868360165892,77.40985680306083
163.87596529319964,-55.446280310275654
9.34798983251441,13.755024436700644
169.70396706450788,28.419960498708996
26.19305032441402,-69.2872330312112
21.583689917693665,64.946821066858
170.18642164414737,-23.704619753595114
9.45135445514567,-18.497660058630224
161.96080699100094,60.03867301681899
146.28622268612912,-73.88341345140542
10.679400637972135,33.62053909598909
171.02885881457215,8.539622460330381
13.917892951963823,-50.43074171858957
68.14058908068846,80.54669894892606
167.86375723253698,-43.4815506830244
8.7821467498086,1.4369480139789144
168.45696164325528,40.658892071070525
53.78072095204579,-79.22308288282734
14.5973590727229,53.25312946611595
171.13896797054332,-11.41635358203595
10.081270277331637,-30.793486811702042
151.83935611647382,71.55406528544323
160.93111848375483,-62.85868101635436
9.226313580812253,21.3833851231682
170.83040897189494,20.86835995247326
18.60251905549931,-62.388002037905814
28.57983743799317,72.06219725979884
170.0529113141107,-31.322373717667876
8.63299973740344,-10.904905720324942
165.98607901497948,52.80038370040011
124.91735185878505,-79.76619007434294
11.176260348619408,41.21494466207388
171.6136282742922,0.9200352209390504
11.439963279065505,-43.03397673868722
115.95673490990995,80.77849841268687
166.75844745880073,-51.03365682030563
8.39700022277428,9.071003141381622
170.12594630028394,33.16906034959353
30.70862235652162,-73.79144172246687
16.916720002231223,60.72227126146132
171.3273901244341,-19.05359789121101
8.895288377317334,-23.241756917307754
160.7023912225436,64.73386553727079
155.57844199112355,-70.11991584612674
9.265669759557897,29.013087694173546
171.6952966484658,13.27375252198458
14.147610140664453,-55.17049535609388
44.344870927390524,78.53525090050819
169.70194083942744,-38.93323562247136
8.004629691379753,-3.2816826257087466
168.65008058074886,45.41038165179201
77.83715753420775,-81.92455662569479
12.029828615036578,48.791799564423
172.04672903129975,-6.719630502583899
9.673417271049152,-35.54641095047179
145.9021057820659,75.98465079105792
164.9415311216578,-58.54699337819564
8.148658430365282,16.716091221182396
171.3728741067245,25.617502372362434
20.16225593292223,-67.07480758458797
21.019437496398982,68.08815711905388
171.37092327648912,-26.693824546154218
7.984703824546805,-15.64573536354265
165.6747873397088,57.54081568245459
144.07446170768506,-76.98017532191393
9.490871719326961,36.63818728373275
172.36494633705672,5.647483101097723
11.27323389240865,-47.787919919889674
85.15225597925718,82.47069964306831
169.05974028822257,-46.530741955579174
7.527421824017782,4.3628487495498485
170.5216415054297,37.92528832451876
38.7571452280734,-78.10856371057555
13.440193601432297,56.33999117913979
172.34896733955955,-14.371626880226547
8.363749711713437,-27.995267983747247
158.74877347588207,69.4087609547076
161.7968016449587,-65.98909928981793
8.031989030930422,24.365600239670147
172.32853545531657,18.02044906906631
14.555058738473516,-59.91105656755943
29.414364771178693,75.20206014070261
171.25448317587728,-34.331309739536614
7.275851580006026,-8.016953047913567
168.78957015854,50.16642162512487
112.7032073043571,-82.28721891712273
9.95477908582154,44.2530878182757
172.88280226479392,-2.00123258115811
9.287815767354726,-40.30546111526233
134.58771818613323,80.11763318747765
167.98063612907373,-54.106765150266774
7.17662947885763,12.020906245769561
171.89625119752333,30.374744290312627
22.646706067888363,-71.73265347241585
15.84381610165751,63.83846246057317
172.53028673522954,-22.029325218121148
7.363439193237028,-20.3975088663451
165.15156992640178,62.280883709866714
155.64710247251867,-73.27122101214164
8.054118511849948,32.01390863997268
173.07471619871194,10.389633411218753
11.162277220568791,-52.54573273818118
51.68176173183839,81.41974628589706
170.94160067324688,-41.96099001708125
6.720480662489658,-0.36467666959959577
170.89935958030702,42.68671593665822
55.281292995107925,-81.92477031835307
10.76220689289115,51.85160772651343
173.27738140238068,-9.664579464158491
7.84562699081376,-32.7556393126532
155.52266288477276,74.04168098565381
166.15595207907378,-61.64755426112175
6.938083419930809,19.685822349689225
172.94095129946712,22.776548571207226
15.220920820664759,-64.64988734495242
20.36443188579497,71.23415882519052
172.59012134524323,-29.687124062204703
6.581640811284819,-12.765087058903914
168.87013468601512,54.92571390211789
140.35486046226941,-80.04461402319012
8.23860054255134,39.65624843736151
173.66473830653752,2.7343667474941498
8.91556115591112,-45.068856354843966
109.89169677411924,83.36185501728015
170.3583123499279,-49.5779137307873
6.286398365868759,7.303253104695315
172.41223056038876,35.13767708915543
26.955030331555868,-76.32787210903679
12.130333631688643,59.42464643191387
173.56662281304304,-17.335841615641915
6.756655639814964,-25.15721881190186
164.305366363773,67.01753547647377
162.83066141567204,-69.12142311606075
6.806892153229335,27.35196142872147
173.75677944224654,15.142896407105278
11.114707948011445,-57.30623901503314
30.820475912489158,78.33929987851168
172.51514979929564,-37.340384770368644
5.959614967093924,-5.107350776441148
171.2688622376001,47.451701773447965
90.82614918451226,-84.14832448476095
8.635979739543165,47.28840387274328
174.1344431116468,-4.937496586517301
7.328401620533015,-37.520596070689635
149.54887645269054,78.57701850602632
169.3534290670639,-57.175896042435426
5.952245202578074,14.980072184532794
173.54546495130992,27.539185221051074
16.301872794248954,-69.38309566381042
14.566754653649758,66.95335194478315
173.76000402871944,-25.00931625022313
5.9083047866111205,-17.522661206911977
168.88110074527464,59.687193507574946
155.63846782878178,-76.42703137437685
6.788224731187252,35.01470008108851
174.40832722928727,7.483164024003276
8.545699481759604,-49.83508617300688
66.02707247613249,84.0204778798322
172.27269131201086,-44.985287386277506
5.457837353214786,2.56784761024888
172.93446191575308,39.90414729421691
35.665560654410676,-80.761451668014
9.349529365786527,54.905965676751975
174.5083492015465,-12.619152385284057
6.150840397592593,-29.922126519508016
162.90833124558128,71.74549711649144
167.5869799444181,-64.74377669758334
5.704645101542505,22.659994045148085
174.42486634440735,19.90399641187761
11.145350036198742,-62.068472139614705
19.544049490170785,74.38307314649838
173.8588902380135,-32.680319494579756
5.229601190348867,-9.861361019290591
171.64273885074198,52.2188566322626
133.2412249684999,-83.02743742860183
6.90107433836961,42.67038171395347
174.938893357615,-0.1948167854825225
6.796917296518154,-42.2880922294445
135.97842654207955,82.82113983245733
171.79447613987384,-52.61844582718503
5.048818230171589,10.25367798551125
174.15643695239336,32.30573240192051
18.142013917936513,-74.10307174287489
10.604547718254343,62.5023300656392
174.80319000124302,-20.304726466908846
5.241877782190343,-22.286530042890334
168.80184281100853,64.44997601627692
164.13911078256143,-72.25236170735543
5.536961228167353,30.33822716196656
175.12842431216532,12.24151292238582
8.163406490099225,-54.602871529381325
33.39240912805973,81.4652535177476
173.8548186046726,-40.34520157625059
4.673326406216756,-2.1811083823492323
173.4800827299386,44.672200160360504
58.49213829898618,-84.61017864493714
7.188008512688589,50.31614667700329
175.37881227463077,-7.884209103623621
5.530483012468259,-34.68970111898967
160.4154381096392,76.453028967546
170.93436475341298,-60.235882032794706
4.712891158960394,17.944184434572723
175.0933932969704,24.669900962044835
11.283201773377225,-66.83160827632598
12.974687117188944,70.06224591303733
175.02988624566757,-27.98929383180696
4.5157559441116435,-14.623205049351421
172.0388781240291,56.98699826437991
155.51011138618912,-79.5863310298111
5.449525321420814,38.01102598861345
175.7074741395437,4.5594600044828475
6.231444419460324,-47.05624490752905
96.3744292298326,85.76881001935756
173.72417073482097,-48.0013027245712
4.206375969934757,5.511276022024691
174.790891904653,37.07373662284357
21.65933631258983,-78.79028176770407
7.740102009214334,57.949445216439855
175.75035259087505,-15.578988885119479
4.56725247358793,-27.053756459485626
168.59084114308325,69.21326740662568
169.3386792562768,-67.82992992974066
4.435625888438938,25.63429875109962
175.83974075664312,17.006034460990428
7.746553473221193,-59.371110249535526
18.40926794819529,77.53250269418209
175.1944054274268,-35.66894922153935
3.9167756110252863,-6.939786697887525
174.07221544599668,49.440000613074076
116.20387815835602,-85.74510154741738
5.451945693219247,45.675718475751076
176.19785913120234,-3.135384119916246
4.8765974110618595,-39.457545102217885
155.14864781035865,81.1044660485211
173.41440439573822,-55.64675670904844
3.8041351623330275,13.209719629993566
175.77843320628762,29.437749538890355
11.589291614771058,-71.59483605692813
8.769404862617295,65.56662908061173
176.07084582184248,-23.273947183593748
3.8031315704731505,-19.38960751909188
172.48535750788994,61.75508274912002
165.91803850029316,-75.3768025518265
4.206160402043376,33.31991994112102
176.45583816844143,9.321650736780914
5.604399454527184,-51.82323618001716
39.063734446052436,84.55357591560873
175.29751262403607,-43.34087371657806
3.4063495838580233,0.7570181112293312
175.47033622362667,41.84083067714004
30.290060745629845,-83.37093932959837
5.5696969179559135,53.33066002150852
176.626343570538,-10.83692270074514
3.867069569785884,-31.821535767322978
168.15515568916894,73.97616069947888
172.80563763534556,-63.279908461169754
3.4468499090849622,20.908884519631158
176.55768455390947,21.773537311414998
7.258559946054278,-64.13878684020528
10.877273663499764,73.15788879569557
176.35496702823968,-30.96477156007403
3.172760109979533,-11.70462536305108
174.7443562311646,54.205707742919884
155.14432177915612,-82.74803802125547
4.016050272100104,40.99800066038086
176.98305102562415,1.6233542572284363
4.164447216764423,-44.223289932411106
138.82786931166856,85.5161216067113
175.33277291382666,-51.003361208566695
2.9557137930468533,8.461116488938387
176.49901383497303,34.20476951784027
12.211983677243467,-76.35701098949488
5.862234764653774,60.97503381558353
177.01472629157252,-18.539707716763036
3.075613314843333,-24.15744083249315
173.03120129549853,66.52208018222944
171.57960706510224,-70.89741660942816
3.116867990691862,28.604245984415964
177.19939175840517,14.088292151813972
4.8743627288011275,-56.58714820231855
16.611367209070107,80.67817859872052
176.61683338349243,-38.648141240375445
2.6319376508187213,-4.005278909041809
176.22365147909892,46.60460484098019
68.19562975555206,-87.23988372444198
3.858360692551056,48.66660418896634
177.4520291312751,-6.082796931040671
3.1201696673031685,-36.58709938735825
167.24247560056975,78.73698886130362
175.28047732099193,-58.65577693418843
2.5413242676906695,16.166974642954358
177.29935498468384,26.540935793508865
6.631652560722169,-68.90479209589633
6.480821797213681,68.60824166258536
177.38298789974525,-26.239012353633264
2.425677173392626,-16.472238330631072
175.5486927283426,58.96725226543234
168.57174140115427,-78.48523825182426
2.79590138735166,36.29219019444649
177.75066109433791,6.388312422055367
3.3598067613049114,-48.98443342460094
58.640569691759794,87.45259834265157
176.87271502591736,-46.32179310682022
2.1482170239466587,3.7024419419772365
177.27899679895015,38.96816249784472
13.619841507472193,-81.11529334194093
3.7267045755460355,56.324911464391754
177.8878217648549,-13.791211764284807
2.3147974658378927,-28.923636905684894
173.77346206886935,71.28669791811151
175.088839713882,-66.2984048331912
2.141378153241385,23.86968195041223
177.9541608090693,18.856053941993896
3.974261640754018,-61.3456544172842
7.918918762474485,76.22752372762464
177.7524580454825,-33.930927846110265
1.8671738061646455,-8.772019177801003
177.092003019833,51.362397191743035
154.05750618944194,-85.91051787450237
2.4612333333794942,43.97007929180672
178.24566469240543,-1.320515271630629
2.299275448901115,-41.34757728902663
164.86104935438848,83.48997331554847
177.1459836973895,-53.984527568112576
1.6952389353374502,11.412920528181562
178.0848358400777,31.30515144835713
5.720982048448212,-73.66747174036637
3.6135785380459384,63.97316938459166
178.3136563172945,-21.496820160252668
1.6588322759410226,-21.239328731254002
176.57329613545264,63.721895398209625
174.6006876622553,-73.93200814445889
1.7323569639456162,31.56504532250854
178.51656627498792,11.155968569317654
2.4124120957215016,-53.73806389761743
13.100038406196731,83.80905265566744
178.15022112806307,-41.612424109861635
1.3642726786316166,-1.062530068938238
178.1499801452342,43.724934256274764
18.428813186784062,-85.8546259490759
2.0786431954125413,51.63623731644458
178.7119079658269,-9.032582719539953
1.4984713209633123,-33.685073877517894
174.93949311797672,76.04659183240335
177.4790616729559,-61.63611959400455
1.2486674439465255,19.12095614232148
178.73778066447184,23.621648621694277
2.7856795104548593,-66.09536929354732
3.5054783472109703,71.61257948754664
178.754592873396,-29.195164154547868
1.0960515433851536,-13.539732156889059
178.13772646678663,56.110923377918944
173.08215767241316,-81.55565240546066
1.2843109965442165,39.249645100385344
179.0239882850962,3.4462486786186406
1.3673040248009318,-46.09978386647645
149.74170416999496,88.16958118595387
178.617187639134,-49.2813122574566
0.8884666183466567,6.6506650178877855
178.9390134656282,36.06297916023365
4.146123076571216,-78.42313100839927
1.5857818144441524,59.28978332290104
179.17457991011372,-16.74259071956199
0.8533406929676765,-26.002591616564334
177.98170611798244,68.46523647358497
177.97087049897846,-69.2770395288926
0.7823952478421786,26.821851662550042
179.2971293161582,15.92288065998122
1.2436827829362123,-58.480352880039334
3.3582710770379838,79.24512618425037
179.24235737113113,-36.88245033750843
0.5875430399514174,-5.830199816543645
179.1560500579698,48.471620544034366
145.23750111040886,-89.06148488037182
0.752470474094636,46.920777741601086
179.50579957793335,-4.26762294180812
0.5984042327680987,-38.43841441223233
177.22271338177222,80.79522522776365
179.226323089325,-56.936000788500486
0.41392591733871065,14.36220287862426
179.57074219263362,28.381722928728653
1.0756560923336156,-70.83027326788294
0.8434691660261089,66.93008886902157
179.6604538477014,-24.445633148514247
0.3016110111855176,-18.30498066059653
179.4616288247225,60.845566049812135
178.94412999399836,-76.90745826489957
0.26371176746169334,34.51146436480172
179.80316227076898,8.213944516357211
0.27115665500091773,-50.839861105537715
2.71447891875255,86.87321230745188
179.82364987228104,-44.55547899067731
0.1032081306929912,1.8839043400355515
179.89429962829718,40.81088826878047
0.47791315039890125,-83.15844606929421
0.05905936046921973,54.57615171565479
179.9882867219648,-11.980255187877429
-0.013314384946253205,-30.758589091251945
-179.8818412600932,73.18859714399002
-179.86724677666487,-64.57472682018123
-0.08649045955975058,22.06700165098008
-179.88983046893964,20.685590880340783
-0.2781912064968162,-63.20553571294341
-0.5560199411251929,74.554779943029
-179.79735202772864,-32.13724801614809
-0.19818105150551749,-10.597042653761182
-179.6379832515637,53.20381521370812
-177.49590329788717,-84.51911866503666
-0.3547010014085015,42.18612828355527
-179.71345183337905,0.5000474318286072
-0.42305428016708474,-43.179857200024436
-175.78876472935298,85.49910289884284
-179.42255462054268,-52.21130017160292
-0.3835282595810517,9.597198379821396
-179.5219101023425,33.13271073035611
-1.6875964159136863,-75.5371282948608
-0.9538731545468099,62.21296226757989
-179.50128053443026,-19.686425828769202
-0.5351189164002687,-23.064257868267333
-178.7602582144157,65.55887320394979
-178.2488893355306,-72.19288340240749
-0.6458858306845746,29.760313744100344
-179.40033203520423,12.979049851664696
-1.069371928617288,-55.56264413578047
-4.588298434883737,82.14682628799353
-179.15178999368408,-39.81333926049851
-0.6770872053732134,-2.8837905257250527
-179.00506296953282,45.54470766403313
-18.563391694628113,-87.74638716558418
-1.1507951707778628,49.84228978267303
-179.22601445715733,-7.213475296848157
-0.9693133547962863,-35.50357358439587
-176.1490070030082,77.8704401319737
-178.34244456893526,-59.84619933537718
-0.8998660743686766,17.30435640205079
-179.02385764942008,25.44051090348876
-2.393972737817133,-67.90363282195322
-2.676951901785187,69.8248774519976
-178.93012569545627,-27.38113760793197
-1.0098878443779284,-15.35951409908927
-178.1314048457664,57.91530199411662
-174.28461692207634,-79.76889894742895
-1.310441891822116,37.437652272187314
-178.92956377420677,5.266881688730873
-1.6184933169881741,-47.9047325204058
-78.94763090901087,88.87471200131061
-178.32726555453365,-47.46980805841238
-1.1617555314038537,4.829524369046209
-178.5081131671626,37.87061721712469
-7.026649330728856,-80.17802030069052
-2.2707205688891805,57.475458547472776
-178.70756905668853,-14.92123148394361
-1.4364630237701566,-27.813855872540127
-176.18951949940086,70.23698142451798
-176.5801247617238,-67.45258457227204
-1.478020860979611,25.00016875629386
-178.5687485499761,17.737971947942672
-2.78274181209184,-60.260450174457766
-6.429170424338018,77.38845379150939
-178.2533273708421,-35.05955339784682
-1.4686588499597382,-7.648873312471813
-177.6958358679444,50.259099411905304
-149.83566994507038,-87.03048597989603
-2.152629246702512,45.09443092093133
-178.45112387529892,-2.4457827657116513
-2.051529902402378,-40.233220676558
-167.8852755563602,82.43673276944291
-177.18687394330703,-55.10150975615175
-1.6787370494436349,12.537481061397665
-178.08030500403302,30.183767815520106
-5.594679555627892,-72.55461230222701
-4.033694297195675,65.07715194627765
-178.12664213373583,-22.61783701390518
-1.8663557927219347,-20.113944128126406
-176.1575621048919,62.596329485796765
-173.07088667378366,-75.00663592256845
-2.1613972562798387,32.679488915864205
-178.12611609104164,10.029310328146524
-3.0648649731684006,-52.6068077309324
-20.9310569252779,84.73392629007931
-177.401941393247,-42.716654216581546
-1.937355041355256,0.06268934932047258
-177.34501619977468,42.59068407689768
-21.367102084043353,-84.58571191750026
-3.2996134931761345,52.72495532955324
-177.93902980216654,-10.153530835808352
-2.429931692080479,-32.549681751778095
-172.08658086260107,74.8496441921931
-175.4463125974015,-62.69934748936109
-2.2586158646743977,20.234559029182087
-177.68196957748967,22.486930395498423
-5.089226739901914,-64.9205638363447
-7.305548041896191,72.6239712022398
-177.44150945665163,-30.297876465460117
-2.2883360138473536,-12.407726827992235
-176.08321807380673,54.94662907251763
-162.63902096835028,-82.38393486129246
-3.0152411846543115,40.336916468560986
-177.67080242795416,2.3193124528050144
-3.310274805717618,-44.94220467726058
-138.76205482062608,86.42243906236745
-176.2584344808301,-50.34628407415511
-2.44121467829464,7.769805593173135
-177.02814546034628,34.91098127333684
-11.044898952468042,-77.11040859443874
-5.003955287229825,60.31971527418981
-177.36371592572925,-17.850743326024375
-2.789391385577579,-24.856403383633687
-173.4192029026033,67.22984920914354
-172.39465421642416,-70.24074332518684
-2.941332617845392,27.915113769780316
-177.28563125936935,14.783642279064383
-4.8804840328371535,-57.27702334445324
-15.49529119883254,80.0182968326486
-176.59065165775428,-37.95561560975464
-2.726433966955775,-4.699771745478147
-175.97294214365212,47.286845448425424
-82.95392421705974,-87.23422426092233
-4.147877925808996,47.96590728654912
-177.1785146942657,-5.386732250416165
-3.550867721338848,-37.266984232399885
-164.5181286733996,79.31563657057696
-174.59845866162703,-57.93866263004773
-3.0086610476843285,15.46679452770699
-176.71609502376091,27.221801179001577
-8.399394746322201,-69.51944339099232
-7.8552732632903215,67.85712842139417
-176.6870915574993,-25.53158554750873
-3.154501416379815,-17.156557180853643
-174.01749554823323,59.596018236223756
-165.63772156464063,-77.64609589174223
-3.784737555205207,35.57312150331277
-176.8688528070386,7.078227121141847
-4.81707010485507,-49.623493246163065
-57.309945334772394,86.2771572830218
-175.474375042383,-45.584183534648005
-3.203756877775007,3.004742702869995
-175.8267330120026,39.616924615334874
-22.15502130159171,-81.42302359534288
-5.758860383274969,55.556511680245855
-176.6221022242917,-13.083116961280862
-3.8054639662975447,-29.582518261806797
-169.3342152266772,71.78229535355315
-171.92824268403163,-65.47325183088084
-3.675887613864589,23.147669067825017
-176.38853934146027,19.525947989815478
-7.257629190464842,-61.90103228441958
-13.611676477179548,75.27059181301851
-175.85487095007818,-33.18978546470429
-3.545501802093188,-9.454203355900624
-174.30526312667556,51.95080240372045
-141.05129055637627,-84.39442412098307
-4.880525089889179,43.20143612239807
-176.41000806043573,-0.6242765895239294
-4.846453205490365,-41.959929373984366
-147.1010954923451,83.33987145770266
-173.9148066102593,-53.17353128638072
-3.7460350201267247,10.700117814158975
-175.64152026480116,31.93789435780222
-13.563152515874675,-74.00749381686269
-8.265467582349531,63.08921522999379
-175.96731075172914,-20.76373868977911
-4.08822804318967,-21.891261102882652
-171.24772635634994,64.18860896877611
-166.9130354356811,-72.89324745539984
-4.493741404857717,30.805947621625045
-176.02822530877353,11.827207722133123
-6.677991419165555,-54.26711754917104
-30.2886482614513,82.23264891620896
-174.78272613085417,-40.817965685441614
-3.982167648222167,-1.7542159170135734
-174.4207948956282,44.29498851953995
-50.98914589740329,-84.84994624937991
-6.387641697415284,50.78995767032736
-175.8849636988063,-8.3182099829398
-4.947994712434161,-34.28720060672394
-162.6209498771507,76.17737050515338
-171.55633537613804,-60.70511096769323
-4.385535514971174,18.380169642438993
-175.41190442453143,24.25190564247096
-10.529561216186197,-66.45400677002914
-12.707838942466598,70.51482607944278
-175.16660288040651,-28.42194269524752
-4.412388605237339,-14.196725775685099
-172.21060161276117,56.57036633907535
-154.5163504099771,-79.97100319212285
-5.539786255627024,38.43405947138437
-175.61769752958017,4.130271187151116
-6.382031024977005,-46.620916121986156
-101.50429954950907,85.52217865192557
-173.32824416409022,-48.40600821825398
-4.486817700809453,5.937814738388482
-174.4201791334139,36.629622269468776
-22.57927933891271,-78.26183872222727
-8.611489222076749,58.32103032919166
-175.26350348847186,-15.997341246552676
-5.114731027102655,-26.60724472656907
-167.322895508288,68.69054956466394
-167.57107462288732,-68.13577582462209
-5.1666059659276815,26.038104621283807
-175.13005065414606,16.562216457501798
-9.057713832460323,-58.85790786529678
-22.482153311385105,77.6645677376192
-174.14862383262187,-36.049998319329816
-4.792483421088447,-6.503408968920286
-172.73237303662518,48.93629888824658
-106.93059333405976,-85.00700345882177
-6.941961577367498,46.02189103181268
-175.13672454925194,-3.5593643149680307
-6.260711753879915,-38.964236937603765
-150.0704185894653,80.20697546037108
-171.22728885630855,-55.937068687164135
-5.087528551910492,13.615639738129946
-174.32774428060654,28.956584823121815
-15.319107997915909,-70.88856712120155
-12.222696418882768,65.75638897626668
-174.50436824566876,-23.654770316466475
-5.3472878022188945,-18.923106318931193
-169.4799201836578,61.12631455331691
-159.54851225244053,-75.33469656634736
-6.154891699768826,33.66606201669499
-174.7851054434432,8.873128862770944
-8.251478881103942,-51.23942756640107
-53.681086834240084,83.58519609320818
-172.79814417896046,-43.63781174364173
-5.246312139712309,1.1833045280354377
-173.00142196007377,41.28998685264949
-40.63305582794236,-81.91255381685752
-8.930184729461535,53.55332895306301
-174.55949251613197,-11.23546082444306
-6.265338002139231,-31.299162677573825
-161.36469445000864,73.033616767093
-167.92847956326548,-63.37687649796512
-5.822546636147768,21.272282817070113
-174.15249187444692,21.27878264145721
-12.22514939164629,-63.37105239376667
-19.00000163850615,72.99123441898092
-173.54718141311525,-31.28253349528988
-5.651847470711184,-11.238906306704898
-170.64733760373275,53.52820429988333
-137.8271520004084,-81.71149999332347
-7.454416705637524,41.253978523751414
-174.36213771823483,1.1899024806540002
-7.802759660527252,-43.605643446141045
-123.8569994176197,83.19707314637613
-170.91386271716206,-51.16992404653395
-5.797258321722205,8.857212086776165
-173.10069344083146,33.63412915622973
-22.89010184035882,-75.1034235900146
-11.963615878063177,60.99740638002922
-173.85072400045314,-18.89099396593034
-6.374043641385879,-23.62858517257731
-165.76241936978462,65.5860028545144
-162.07854075607506,-70.63932228513507
-6.747360610442856,28.89970219264752
-173.89418539086103,13.600187926265438
-10.594914473422916,-55.80001584764116
-35.111672780309796,79.62851194606614
-172.29784410617208,-38.870605863969416
-6.039917933909348,-3.55977526861842
-171.3156277992322,45.90976150549083
-76.53701817315292,-83.79456131915168
-9.24235798775213,48.78697877191655
-173.84041775945695,-6.481315328644842
-7.580288824399568,-35.960529145614096
-151.52592301661247,77.06255250786651
-168.10915663748906,-58.618124970183096
-6.4776362627644914,16.511266784591704
-173.06927755560645,25.971796129639472
-16.644531835240713,-67.76273400893858
-17.097580569927214,68.28190846332123
-172.95949690928842,-26.51786680984125
-6.5794663163362355,-15.956386077133674
-167.9919180877635,58.05155770486342
-149.5154576832634,-77.44037072548285
-7.947231076501322,36.48791751938849
-173.54544497290115,5.925809780334651
-9.656751058571542,-48.20061937330958
-82.03936176836613,83.51348751238659
-170.59967451848084,-46.40463131940994
-6.529281805202682,4.108208964535952
-171.68461869519777,38.27727638076699
-35.948006464363296,-78.85334593223376
-11.847430731335265,56.239169660864256
-173.19063267193738,-14.133477645611123
-7.521845074213761,-28.30762803860043
-160.4350001653067,69.88936917269963
-163.54408686993642,-65.9208146901286
-7.334063853296209,24.137337639409306
-172.924287330349,18.30687237972677
-13.630092698995451,-60.2785866494793
-27.270308525975373,75.1940066085554
-171.8084693728129,-34.10614886319419
-6.8839610797454505,-8.287475581198617
-169.26397495970264,50.47614014869164
-115.41310899817668,-82.45234915223281
-9.561296411949229,44.02303452256434
-173.09181481324129,-1.738350538223665
-9.112860588076396,-40.5831217031479
-133.9719338707485,80.38230611037454
-168.1707982140623,-53.86067690441468
-7.146161070436679,11.758018340104227
-171.84772274781346,30.63520885514938
-23.162883175998317,-71.94880706143255
-15.949712228118624,63.55724001389563
-172.37026513118272,-21.758438592828565
-7.597751337071667,-20.650970000439045
-164.4903505843398,62.47556766427329
-155.067103551548,-72.91271399419145
-8.436738461478805,31.72554882903523
-172.6695350053903,10.64421150426967
-11.94186181668678,-52.733786787007205
-52.298293093534745,80.88029231971058
-170.2736314852236,-41.64235695139646
-7.298170038183194,-0.6277805357974456
-170.0175535974352,42.87661274594029
-59.31141066301908,-81.5079480483643
-11.833091235086396,51.48278756476694
-172.51031304595116,-9.385298128513842
-8.827561403443397,-32.95356366535635
-152.3361585301319,73.91591444897705
-164.45246382564002,-61.1920198544392
-7.929116929294006,19.38150903295498
-171.8508770666866,22.987944383662064
-17.70990284392485,-64.63516340203108
-23.17243197281547,70.60914152918545
-171.31561535217068,-29.346381568179666
-7.796569699182231,-12.995420560001728
-166.7015583068668,54.97042097573658
-136.08140896545567,-79.01520041037453
-9.89652667240325,39.26278389601025
-172.29881234616937,2.989679912867055
-10.93563145812219,-45.15604234273294
-104.53614412645075,82.05811052498254
-168.1431705346015,-49.105650683456375
-7.841615666799077,7.01574585353748
-170.4459483623831,35.2615920558266
-33.372248925605554,-75.75319413752473
-15.227506884797304,58.825768569004225
-171.76625086217075,-17.006905495469198
-8.733775650844418,-25.31699206556614
-159.68659883382733,66.74748763388834
-158.1894117333883,-68.29069264017133
-8.935885659321224,26.968927913136362
-171.71501152214643,15.340463929939842
-14.835733498965094,-57.182111275207056
-38.087480402882264,76.98301559965729
-169.92732261125448,-36.88451827647994
-8.119288017374929,-5.346814834234104
-168.0139028946638,47.41938199023533
-92.4425386461951,-81.91563338236932
-11.898731892823854,46.7294262628269
-171.79635848050637,-4.649812195581462
-10.339078065691693,-37.55803997506717
-139.32768595518317,77.40461599961154
-165.02602896769835,-56.45896245797589
-8.545134571277957,14.635003375199274
-170.64385867601686,27.63722711340607
-23.428538324205885,-68.79900614374512
-20.735564859511204,65.96197885293887
-170.80742295652368,-24.593486722040918
-8.798685964521818,-17.67865383515901
-163.4088343967289,59.36386963548493
-146.10909144409754,-74.85135662287267
-10.255675260194334,34.5077815090701
-171.44535365192476,7.69862010350307
-13.150239242467453,-49.66419534455691
-72.44883182303057,81.11484557939966
-168.04244516099178,-44.3542874224599
-8.57750425626426,2.2879721491338514
-168.80885215473955,39.8414645413056
-49.967347982766746,-78.78877800053692
-14.775469335786072,54.09199046416427
-171.13523682266828,-12.266198643175695
-10.021225561230885,-29.947664613265516
-152.80269830715142,70.7709221429435
-160.12591655354873,-63.62602801524047
-9.455740527615482,22.22037616174828
-170.65907507916054,20.00924502388912
-18.611800473776995,-61.50928627647641
-30.76986293797398,72.65733939598698
-169.55365614420873,-32.13281435074161
-9.009591783650274,-10.04449338876998
-165.55216464267787,51.88752485583818
-119.4587769640142,-79.81072521809429
-12.032394954406568,41.98042214397622
-171.03498914219205,0.06927219394730465
-12.120192227353092,-42.110189767621634
-118.5300859732197,79.7974589541144
-165.3765459710077,-51.725186455306954
-9.194132754315516,9.900909660490635
-169.265284826648,32.24720047908046
-31.802735812929033,-72.63685189674119
-19.17629239084842,61.28492195720971
-170.27337294731333,-19.849934982982177
-9.915320123883914,-22.3314245706242
-159.04288315474722,63.61002026570362
-151.61768983819275,-70.4223599189878
-10.645492670546842,29.75987774489475
-170.51336111056816,12.38378969747689
-15.902890664274016,-54.08574203636627
-51.65665384736053,78.16938106626932
-167.87738210941396,-39.60803474237664
-9.368057881688346,-2.421388463900117
-166.86212884053595,44.36225051837489
-74.81028216294116,-80.31384302629313
-14.511452298688713,49.358850556151836
-170.4652312899933,-7.53957915199646
-11.503106851910902,-34.534586654512154
-142.52913672497348,74.35966765243273
-161.39280004426587,-58.94015334753294
-10.006476861512583,17.48252383381569
-169.4740990660415,24.644299606900255
-23.702439475679327,-65.65508685034375
-26.513119939173443,68.15941143845819
-169.1460686756295,-27.38925368791133
-9.988522758473668,-14.715814842056073
-162.45529249148245,56.254348270104394
-134.91454255002952,-76.3123136327207
-12.227807086879453,37.2373471559681
-170.2113451299116,4.767810332835861
-14.257949658929725,-46.595321130113184
-91.21451578653476,80.26050859801634
-165.5654947811692,-46.99326372958661
-9.888243189454247,5.182676407049805
-167.66613806700758,36.80840051875154
-44.453690035783794,-75.88780962249685
-18.14158884912108,56.59283562035269
-169.70346249062402,-15.118526658081743
-11.177184415941749,-26.946882514198606
-153.0571602394456,67.62986523395611
-154.97766398301204,-65.87677415973116
-11.072481852385708,25.02124613855631
-169.48176143261338,17.039817680055272
-19.40922379203285,-58.387708243558315
-40.163706819210034,74.31661640763504
-167.65227330238886,-34.86860011768438
-10.228949361995566,-7.1079332187324225
-164.50323695352915,48.80662395086645
-101.82440972594506,-79.64738300403975
-14.388782265416982,44.62869806221528
-169.74380591029956,-2.8306997791364137
-13.235593122040948,-39.067006968594086
-127.03292065641288,77.15267496815372
-162.23912310609313,-54.24383188111568
-10.598080482457322,12.758352225920946
-168.125738746499,29.238072996632393
-30.796761025822295,-69.51474257549812
-23.815855312678302,63.57995733268284
-168.6980102881293,-22.656181993916302
-11.079086580089307,-19.354980870899603
-158.4593455264685,60.47869185097554
-143.595413243246,-72.22952919788486
-12.482294673723374,32.50205425705809
-169.30874592775046,9.441109241847615
-16.873790756034364,-50.992811477150056
-67.12277846727527,78.56518363863485
-165.6286891401399,-42.26542424432465
-10.640344433943785,0.4841795612671184
-165.78170975843048,41.3085112013214
-63.05354494509996,-78.07135866907018
-17.451111915026324,51.893837075611245
-169.0875830189389,-10.402435844215818
-12.622897129523048,-31.516636301766614
-144.59268436169194,71.28334269247202
-157.17152373713645,-61.27277081560082
-11.543333980878007,20.294412156124437
-168.3252762514904,21.660409834056928
-23.993426564061174,-62.51819312154884
-33.47511175490777,70.08031371132799
-167.36843670898844,-30.13799116924369
-11.178076843279507,-11.766641276795845
-161.58764026622103,53.14981371157449
-121.72048844850353,-77.1326457327916
-14.37978314565227,39.90371717330517
-168.95747744614667,1.856318673869938
-15.293593328628099,-43.53069964644251
-105.60739846990398,78.56134141477578
-162.79834762987124,-49.54343212371122
-11.240913335291358,8.051241301444543
-166.57034725014006,33.78117667410679
-40.93658102420167,-72.90043797935404
-22.01380427613352,58.95794349958104
-168.20256287855054,-17.936312720040437
-12.309223248249616,-23.955119528200402
-153.16571563711355,64.49448796370628
-148.84989644200107,-67.88760788294819
-12.795705259042471,27.77671448540415
-168.3078459633915,14.083775919258056
-20.140496098021714,-55.27263973939011
-51.36979650841824,75.45374326446486
-165.58758421522506,-37.54386028145911
-11.464683522652468,-4.190190171505364
-163.52487741689052,45.73096574055959
-86.2200618174015,-78.5685659083489
-17.004276240366682,47.19312065644715
-168.41499353981823,-5.705263103620486
